frame,time_s,preview_visible,float_found,tip_y,cx,cy,area
0,0.000,0,0,0,0,0,0
6,0.100,0,0,0,0,0,0
12,0.200,0,0,0,0,0,0
18,0.300,0,0,0,0,0,0
24,0.401,0,0,0,0,0,0
30,0.501,0,0,0,0,0,0
36,0.601,0,0,0,0,0,0
42,0.701,0,0,0,0,0,0
48,0.801,0,0,0,0,0,0
54,0.901,0,0,0,0,0,0
60,1.001,0,0,0,0,0,0
66,1.102,0,0,0,0,0,0
72,1.202,0,0,0,0,0,0
78,1.302,0,0,0,0,0,0
84,1.402,0,0,0,0,0,0
90,1.502,0,0,0,0,0,0
96,1.602,0,0,0,0,0,0
102,1.702,0,0,0,0,0,0
108,1.802,0,0,0,0,0,0
114,1.903,0,0,0,0,0,0
120,2.003,0,0,0,0,0,0
126,2.103,0,0,0,0,0,0
132,2.203,0,0,0,0,0,0
138,2.303,0,0,0,0,0,0
144,2.403,0,0,0,0,0,0
150,2.503,0,0,0,0,0,0
156,2.604,0,0,0,0,0,0
162,2.704,0,0,0,0,0,0
168,2.804,1,1,620,2360,788,1694
174,2.904,0,0,0,0,0,0
180,3.004,1,1,690,2427,694,148
186,3.104,0,0,0,0,0,0
192,3.204,0,0,0,0,0,0
198,3.305,0,0,0,0,0,0
204,3.405,0,0,0,0,0,0
210,3.505,0,0,0,0,0,0
216,3.605,0,0,0,0,0,0
222,3.705,0,0,0,0,0,0
228,3.805,0,0,0,0,0,0
234,3.905,0,0,0,0,0,0
240,4.006,0,0,0,0,0,0
246,4.106,0,0,0,0,0,0
252,4.206,0,0,0,0,0,0
258,4.306,0,0,0,0,0,0
264,4.406,0,0,0,0,0,0
270,4.506,0,0,0,0,0,0
276,4.606,0,0,0,0,0,0
282,4.706,1,0,0,0,0,0
288,4.807,1,0,0,0,0,0
294,4.907,1,0,0,0,0,0
300,5.007,1,0,0,0,0,0
306,5.107,1,0,0,0,0,0
312,5.207,1,0,0,0,0,0
318,5.307,1,1,616,2393,659,915
324,5.407,1,1,616,2394,659,957
330,5.508,1,1,616,2391,661,976
336,5.608,1,1,616,2391,661,969
342,5.708,1,1,616,2391,662,958
348,5.808,1,1,616,2391,663,991
354,5.908,1,1,616,2391,665,1049
360,6.008,1,1,616,2391,664,1028
366,6.108,1,1,616,2391,657,909
372,6.209,1,1,616,2391,660,980
378,6.309,1,1,616,2390,661,1001
384,6.409,1,1,617,2388,664,1083
390,6.509,1,1,617,2387,663,1077
396,6.609,1,1,617,2387,662,1056
402,6.709,1,1,617,2388,661,1028
408,6.809,1,1,617,2387,660,1005
414,6.910,1,1,617,2389,662,998
420,7.010,1,1,617,2388,664,1057
426,7.110,1,1,617,2388,662,999
432,7.210,1,1,617,2388,662,980
438,7.310,1,1,617,2388,663,1005
444,7.410,1,1,617,2388,662,948
450,7.510,1,1,617,2388,664,1012
456,7.611,1,1,617,2388,664,1016
462,7.711,1,1,617,2388,662,997
468,7.811,1,1,617,2389,660,938
474,7.911,1,1,617,2388,662,976
480,8.011,1,1,617,2388,663,1013
486,8.111,1,1,617,2388,665,1044
492,8.211,1,1,617,2388,664,1028
498,8.311,1,1,617,2389,662,992
504,8.412,1,1,617,2389,662,973
510,8.512,1,1,616,2390,661,965
516,8.612,1,1,616,2391,657,882
522,8.712,1,1,616,2390,660,928
528,8.812,1,1,617,2388,661,961
534,8.912,1,1,617,2388,660,941
540,9.012,1,1,616,2390,659,914
546,9.113,1,1,616,2390,661,972
552,9.213,1,1,616,2390,661,955
558,9.313,1,1,616,2390,662,983
564,9.413,1,1,616,2390,662,981
570,9.513,1,1,616,2390,662,992
576,9.613,1,1,616,2390,662,994
582,9.713,1,1,616,2391,661,977
588,9.814,1,1,616,2390,662,984
594,9.914,1,1,616,2390,662,993
600,10.014,1,1,616,2390,663,997
606,10.114,1,1,616,2390,662,995
612,10.214,1,1,616,2390,662,985
618,10.314,1,1,616,2390,663,990
624,10.414,1,1,616,2390,663,1005
630,10.515,1,1,616,2390,663,1008
636,10.615,1,1,616,2390,662,985
642,10.715,1,1,616,2390,662,978
648,10.815,1,1,616,2390,663,987
654,10.915,1,1,616,2390,662,976
660,11.015,1,1,616,2390,662,968
666,11.115,1,1,616,2390,663,988
672,11.215,1,1,616,2390,663,1009
678,11.316,1,1,616,2390,663,1026
684,11.416,1,1,616,2390,664,1049
690,11.516,1,1,616,2390,662,1005
696,11.616,1,1,616,2390,665,1068
702,11.716,1,1,617,2390,665,1074
708,11.816,1,1,617,2391,665,1063
714,11.916,1,1,616,2391,665,1073
720,12.017,1,1,616,2391,665,1051
726,12.117,1,1,616,2391,665,1068
732,12.217,1,1,616,2391,665,1039
738,12.317,1,1,616,2391,665,1051
744,12.417,1,1,616,2391,665,1043
750,12.517,1,1,617,2391,664,1037
756,12.617,1,1,618,2391,665,1041
762,12.718,1,1,618,2392,663,1025
768,12.818,1,1,617,2392,663,1038
774,12.918,1,1,616,2392,662,1040
780,13.018,1,1,616,2392,663,1045
786,13.118,1,1,616,2390,664,1071
792,13.218,1,1,616,2390,664,1064
798,13.318,1,1,616,2390,664,1065
804,13.419,1,1,616,2390,664,1063
810,13.519,1,1,616,2390,664,1045
816,13.619,1,1,616,2392,662,1032
822,13.719,1,1,616,2392,662,1034
828,13.819,1,1,616,2392,660,984
834,13.919,1,1,616,2391,663,1012
840,14.019,1,1,616,2391,663,1042
846,14.119,1,1,616,2391,663,1041
852,14.220,1,1,616,2391,663,1039
858,14.320,1,1,616,2390,663,1040
864,14.420,1,1,616,2390,663,1039
870,14.520,1,1,616,2391,663,1029
876,14.620,1,1,616,2392,663,1023
882,14.720,1,1,616,2391,663,1013
888,14.820,1,1,616,2391,664,1038
894,14.921,1,1,616,2391,664,1036
900,15.021,1,1,616,2391,664,1039
906,15.121,1,1,616,2391,664,1023
912,15.221,1,1,616,2391,664,1026
918,15.321,1,1,616,2391,663,1019
924,15.421,1,1,616,2391,663,1005
930,15.521,1,1,616,2391,663,992
936,15.622,1,1,616,2391,663,999
942,15.722,1,1,616,2391,663,1006
948,15.822,1,1,616,2391,664,1010
954,15.922,1,1,616,2391,664,1005
960,16.022,1,1,616,2391,664,1018
966,16.122,1,1,616,2391,664,1013
972,16.222,1,1,616,2391,663,1025
978,16.323,1,1,616,2391,664,1032
984,16.423,1,1,616,2391,664,1039
990,16.523,1,1,616,2391,664,1030
996,16.623,1,1,616,2391,664,1015
1002,16.723,1,1,616,2391,663,985
1008,16.823,1,1,616,2391,663,1030
1014,16.923,1,1,616,2391,664,1046
1020,17.023,1,1,616,2391,664,1045
1026,17.124,1,1,616,2391,665,1047
1032,17.224,1,1,616,2391,665,1075
1038,17.324,1,1,616,2391,665,1069
1044,17.424,1,1,616,2391,666,1057
1050,17.524,1,1,616,2391,664,1061
1056,17.624,1,1,616,2391,665,1076
1062,17.724,1,1,616,2391,665,1077
1068,17.825,1,1,616,2391,663,1022
1074,17.925,1,1,616,2392,661,999
1080,18.025,1,1,616,2390,664,1045
1086,18.125,1,1,616,2390,663,1036
1092,18.225,1,1,616,2390,663,1019
1098,18.325,1,1,616,2390,664,1036
1104,18.425,1,1,616,2390,663,1024
1110,18.526,1,1,616,2390,663,1025
1116,18.626,1,1,616,2390,662,1013
1122,18.726,1,1,616,2390,663,1020
1128,18.826,1,1,616,2391,664,1032
1134,18.926,1,1,616,2391,664,1039
1140,19.026,1,1,616,2391,663,1025
1146,19.126,1,1,616,2391,664,1038
1152,19.227,1,1,616,2391,663,1017
1158,19.327,1,1,616,2391,663,1006
1164,19.427,1,1,616,2391,663,1005
1170,19.527,1,1,616,2391,663,1009
1176,19.627,1,1,616,2391,663,976
1182,19.727,1,1,616,2391,662,962
1188,19.827,1,1,616,2391,663,1004
1194,19.928,1,1,616,2390,664,1016
1200,20.028,1,1,616,2390,663,989
1206,20.128,1,1,616,2390,663,961
1212,20.228,1,1,616,2390,664,1022
1218,20.328,1,1,616,2390,664,993
1224,20.428,1,1,616,2390,664,986
1230,20.528,1,1,616,2390,664,1010
1236,20.628,1,1,616,2391,662,972
1242,20.729,1,1,618,2391,663,937
1248,20.829,1,1,616,2391,661,946
1254,20.929,1,1,616,2391,661,939
1260,21.029,1,1,616,2391,661,931
1266,21.129,1,1,616,2391,661,943
1272,21.229,1,1,616,2391,662,964
1278,21.329,1,1,616,2391,661,927
1284,21.430,1,1,616,2391,661,960
1290,21.530,1,1,616,2391,662,959
1296,21.630,1,1,616,2391,661,952
1302,21.730,1,1,616,2391,661,968
1308,21.830,1,1,616,2390,663,1034
1314,21.930,1,1,616,2391,663,1040
1320,22.030,1,1,616,2390,664,1072
1326,22.131,1,1,616,2391,664,1072
1332,22.231,1,1,616,2391,664,1078
1338,22.331,1,1,616,2391,665,1081
1344,22.431,1,1,616,2391,665,1055
1350,22.531,1,1,616,2391,666,1069
1356,22.631,1,1,616,2391,666,1079
1362,22.731,1,1,616,2392,665,1070
1368,22.832,1,1,616,2391,665,1084
1374,22.932,1,1,616,2391,665,1076
1380,23.032,1,1,616,2391,666,1069
1386,23.132,1,1,616,2391,665,1096
1392,23.232,1,1,616,2391,666,1106
1398,23.332,1,1,616,2391,665,1080
1404,23.432,1,1,616,2391,665,1079
1410,23.532,1,1,616,2391,665,1071
1416,23.633,1,1,616,2391,664,1058
1422,23.733,1,1,616,2391,665,1052
1428,23.833,1,1,616,2391,664,1065
1434,23.933,1,1,616,2391,664,1047
1440,24.033,1,1,616,2392,664,1041
1446,24.133,1,1,616,2392,664,1050
1452,24.233,1,1,616,2392,664,1041
1458,24.334,1,1,616,2392,663,1018
1464,24.434,1,1,616,2392,664,1003
1470,24.534,1,1,616,2391,664,1007
1476,24.634,1,1,616,2391,663,1019
1482,24.734,1,1,616,2392,663,1010
1488,24.834,1,1,616,2391,663,1021
1494,24.934,1,1,616,2391,664,1029
1500,25.035,1,1,616,2391,664,1026
1506,25.135,1,1,616,2391,664,1024
1512,25.235,1,1,616,2391,663,1025
1518,25.335,1,1,616,2390,665,1033
1524,25.435,1,1,616,2390,666,1019
1530,25.535,1,1,616,2390,665,1006
1536,25.635,1,1,616,2390,664,1021
1542,25.736,1,1,616,2390,664,1023
1548,25.836,1,1,616,2390,665,1050
1554,25.936,1,1,616,2391,664,1039
1560,26.036,1,1,616,2391,664,1039
1566,26.136,1,1,616,2391,662,1017
1572,26.236,1,1,616,2391,662,1012
1578,26.336,1,1,616,2391,663,1030
1584,26.436,1,1,616,2391,664,1048
1590,26.537,1,1,616,2391,664,1055
1596,26.637,1,1,616,2391,663,1048
1602,26.737,1,1,616,2391,661,1008
1608,26.837,1,1,616,2391,663,1041
1614,26.937,1,1,616,2391,663,1036
1620,27.037,1,1,616,2391,662,1019
1626,27.137,1,1,616,2391,662,1014
1632,27.238,1,1,616,2391,663,1044
1638,27.338,1,1,616,2391,664,1050
1644,27.438,1,1,616,2391,665,1065
1650,27.538,1,1,616,2391,664,1064
1656,27.638,1,1,616,2391,664,1059
1662,27.738,1,1,616,2391,664,1050
1668,27.838,1,1,616,2390,662,1006
1674,27.939,1,1,616,2390,662,1010
1680,28.039,1,1,617,2389,665,1071
1686,28.139,1,1,616,2392,663,1028
1692,28.239,1,1,616,2392,664,1038
1698,28.339,1,1,616,2392,663,1062
1704,28.439,1,1,616,2392,662,1039
1710,28.539,1,1,616,2390,664,1050
1716,28.640,1,1,616,2390,664,1051
1722,28.740,1,1,616,2391,663,1040
1728,28.840,1,1,616,2391,664,1058
1734,28.940,1,1,616,2391,664,1062
1740,29.040,1,1,616,2391,664,1054
1746,29.140,1,1,616,2391,663,1045
1752,29.240,1,1,616,2391,664,1049
1758,29.340,1,1,616,2391,664,1039
1764,29.441,1,1,616,2391,664,1038
1770,29.541,1,1,616,2391,663,1035
1776,29.641,1,1,616,2391,664,1042
1782,29.741,1,1,616,2391,663,1003
1788,29.841,1,1,616,2390,662,992
1794,29.941,1,1,616,2390,662,1001
1800,30.041,1,1,616,2391,660,934
1806,30.142,1,1,616,2391,661,958
1812,30.242,1,1,616,2390,661,951
1818,30.342,1,1,616,2390,661,948
1824,30.442,1,1,616,2391,660,921
1830,30.542,1,1,616,2391,661,951
1836,30.642,1,1,616,2391,661,947
1842,30.742,1,1,616,2391,661,965
1848,30.843,1,1,616,2391,661,975
1854,30.943,1,1,616,2391,661,978
1860,31.043,1,1,616,2391,662,1000
1866,31.143,1,1,616,2391,662,992
1872,31.243,1,1,616,2391,662,992
1878,31.343,1,1,616,2391,663,1015
1884,31.443,1,1,616,2391,663,1020
1890,31.544,1,1,616,2391,663,1034
1896,31.644,1,1,616,2391,663,1039
1902,31.744,1,1,616,2391,663,1046
1908,31.844,1,1,616,2391,663,1039
1914,31.944,1,1,616,2391,663,1031
1920,32.044,1,1,616,2391,664,1060
1926,32.144,1,1,616,2391,664,1041
1932,32.245,1,1,616,2391,664,1044
1938,32.345,1,1,616,2391,665,1066
1944,32.445,1,1,616,2391,664,1055
1950,32.545,1,1,616,2391,664,1066
1956,32.645,1,1,616,2391,664,1064
1962,32.745,1,1,616,2391,664,1058
1968,32.845,1,1,616,2391,664,1049
1974,32.945,1,1,616,2391,664,1054
1980,33.046,1,1,616,2391,664,1056
1986,33.146,1,1,616,2391,664,1044
1992,33.246,1,1,616,2391,664,1043
1998,33.346,1,1,616,2391,664,1047
2004,33.446,1,1,616,2391,664,1036
2010,33.546,1,1,616,2391,664,1048
2016,33.646,1,1,616,2391,663,1027
2022,33.747,1,1,616,2391,662,1009
2028,33.847,1,1,616,2391,662,1020
2034,33.947,1,1,616,2390,664,1044
2040,34.047,1,1,616,2390,663,1029
2046,34.147,1,1,616,2390,664,1036
2052,34.247,1,1,616,2390,664,1039
2058,34.347,1,1,616,2390,663,1009
2064,34.448,1,1,616,2391,662,992
2070,34.548,1,1,616,2391,663,996
2076,34.648,1,1,616,2391,661,965
2082,34.748,1,1,616,2391,662,983
2088,34.848,1,1,616,2390,663,993
2094,34.948,1,1,616,2390,662,992
2100,35.048,1,1,616,2390,663,1003
2106,35.149,1,1,616,2390,662,1003
2112,35.249,1,1,616,2390,662,1001
2118,35.349,1,1,616,2391,661,967
2124,35.449,1,1,616,2391,662,985
2130,35.549,1,1,616,2390,663,1007
2136,35.649,1,1,616,2390,663,1014
2142,35.749,1,1,616,2390,662,977
2148,35.849,1,1,616,2390,664,1039
2154,35.950,1,1,616,2391,663,1009
2160,36.050,1,1,616,2391,663,1038
2166,36.150,1,1,616,2391,664,1031
2172,36.250,1,1,616,2390,664,1027
2178,36.350,1,1,616,2390,663,1012
2184,36.450,1,1,616,2390,660,981
2190,36.550,1,1,617,2387,663,1019
2196,36.651,1,1,617,2385,664,1034
2202,36.751,1,1,617,2384,663,1032
2208,36.851,1,1,617,2386,665,1128
2214,36.951,1,1,617,2387,663,1028
2220,37.051,1,1,616,2393,664,1079
2226,37.151,1,1,616,2393,664,1076
2232,37.251,1,1,616,2393,664,1086
2238,37.352,1,1,616,2393,664,1075
2244,37.452,1,1,616,2393,664,1059
2250,37.552,1,1,616,2393,664,1060
2256,37.652,1,1,616,2393,664,1080
2262,37.752,1,1,616,2393,664,1077
2268,37.852,1,1,616,2394,664,1049
2274,37.952,1,1,616,2397,669,1222
2280,38.053,1,0,0,0,0,0
2286,38.153,1,1,618,2393,668,1220
2292,38.253,1,1,616,2390,662,988
2298,38.353,1,1,617,2389,663,984
2304,38.453,0,0,0,0,0,0
2310,38.553,0,0,0,0,0,0
2316,38.653,0,0,0,0,0,0
2322,38.753,0,0,0,0,0,0
2328,38.854,0,0,0,0,0,0
2334,38.954,0,0,0,0,0,0
2340,39.054,0,0,0,0,0,0
2346,39.154,0,0,0,0,0,0
2352,39.254,0,0,0,0,0,0
2358,39.354,0,0,0,0,0,0
2364,39.454,0,0,0,0,0,0
2370,39.555,0,0,0,0,0,0
2376,39.655,0,0,0,0,0,0
2382,39.755,0,0,0,0,0,0
2388,39.855,0,0,0,0,0,0
2394,39.955,0,0,0,0,0,0
2400,40.055,0,0,0,0,0,0
2406,40.155,0,0,0,0,0,0
2412,40.256,0,0,0,0,0,0
2418,40.356,0,0,0,0,0,0
2424,40.456,0,0,0,0,0,0
2430,40.556,0,0,0,0,0,0
2436,40.656,0,0,0,0,0,0
2442,40.756,0,0,0,0,0,0
2448,40.856,0,0,0,0,0,0
2454,40.957,0,0,0,0,0,0
2460,41.057,0,0,0,0,0,0
2466,41.157,0,0,0,0,0,0
2472,41.257,0,0,0,0,0,0
2478,41.357,0,0,0,0,0,0
2484,41.457,0,0,0,0,0,0
2490,41.557,0,0,0,0,0,0
2496,41.657,0,0,0,0,0,0
2502,41.758,0,0,0,0,0,0
2508,41.858,0,0,0,0,0,0
2514,41.958,0,0,0,0,0,0
2520,42.058,0,0,0,0,0,0
2526,42.158,0,0,0,0,0,0
2532,42.258,0,0,0,0,0,0
2538,42.358,0,0,0,0,0,0
2544,42.459,0,0,0,0,0,0
2550,42.559,0,0,0,0,0,0
2556,42.659,0,0,0,0,0,0
2562,42.759,0,0,0,0,0,0
2568,42.859,0,0,0,0,0,0
2574,42.959,0,0,0,0,0,0
2580,43.059,0,0,0,0,0,0
2586,43.160,0,0,0,0,0,0
2592,43.260,0,0,0,0,0,0
2598,43.360,0,0,0,0,0,0
2604,43.460,0,0,0,0,0,0
2610,43.560,0,0,0,0,0,0
2616,43.660,0,0,0,0,0,0
2622,43.760,0,0,0,0,0,0
2628,43.861,0,0,0,0,0,0
2634,43.961,0,0,0,0,0,0
2640,44.061,0,0,0,0,0,0
2646,44.161,0,0,0,0,0,0
2652,44.261,0,0,0,0,0,0
2658,44.361,0,0,0,0,0,0
2664,44.461,0,0,0,0,0,0
2670,44.562,0,0,0,0,0,0
2676,44.662,0,0,0,0,0,0
2682,44.762,0,0,0,0,0,0
2688,44.862,0,0,0,0,0,0
2694,44.962,0,0,0,0,0,0
2700,45.062,0,0,0,0,0,0
2706,45.162,0,0,0,0,0,0
2712,45.262,0,0,0,0,0,0
2718,45.363,0,0,0,0,0,0
2724,45.463,0,0,0,0,0,0
2730,45.563,0,0,0,0,0,0
2736,45.663,0,0,0,0,0,0
2742,45.763,0,0,0,0,0,0
2748,45.863,0,0,0,0,0,0
2754,45.963,0,0,0,0,0,0
2760,46.064,0,0,0,0,0,0
2766,46.164,0,0,0,0,0,0
2772,46.264,0,0,0,0,0,0
2778,46.364,0,0,0,0,0,0
2784,46.464,0,0,0,0,0,0
2790,46.564,0,0,0,0,0,0
2796,46.664,0,0,0,0,0,0
2802,46.765,0,0,0,0,0,0
2808,46.865,0,0,0,0,0,0
2814,46.965,0,0,0,0,0,0
2820,47.065,0,0,0,0,0,0
2826,47.165,0,0,0,0,0,0
2832,47.265,0,0,0,0,0,0
2838,47.365,0,0,0,0,0,0
2844,47.466,0,0,0,0,0,0
2850,47.566,0,0,0,0,0,0
2856,47.666,0,0,0,0,0,0
2862,47.766,0,0,0,0,0,0
2868,47.866,0,0,0,0,0,0
2874,47.966,0,0,0,0,0,0
2880,48.066,0,0,0,0,0,0
2886,48.166,0,0,0,0,0,0
2892,48.267,0,0,0,0,0,0
2898,48.367,0,0,0,0,0,0
2904,48.467,0,0,0,0,0,0
2910,48.567,0,0,0,0,0,0
2916,48.667,0,0,0,0,0,0
2922,48.767,0,0,0,0,0,0
2928,48.867,0,0,0,0,0,0
2934,48.968,0,0,0,0,0,0
2940,49.068,0,0,0,0,0,0
2946,49.168,0,0,0,0,0,0
2952,49.268,0,0,0,0,0,0
2958,49.368,0,0,0,0,0,0
2964,49.468,0,0,0,0,0,0
2970,49.568,0,0,0,0,0,0
2976,49.669,0,0,0,0,0,0
2982,49.769,0,0,0,0,0,0
2988,49.869,0,0,0,0,0,0
2994,49.969,0,0,0,0,0,0
3000,50.069,0,0,0,0,0,0
3006,50.169,0,0,0,0,0,0
3012,50.269,0,0,0,0,0,0
3018,50.370,0,0,0,0,0,0
3024,50.470,0,0,0,0,0,0
3030,50.570,0,0,0,0,0,0
3036,50.670,0,0,0,0,0,0
3042,50.770,0,0,0,0,0,0
3048,50.870,0,0,0,0,0,0
3054,50.970,0,0,0,0,0,0
3060,51.070,0,0,0,0,0,0
3066,51.171,0,0,0,0,0,0
3072,51.271,0,0,0,0,0,0
3078,51.371,0,0,0,0,0,0
3084,51.471,0,0,0,0,0,0
3090,51.571,0,0,0,0,0,0
3096,51.671,0,0,0,0,0,0
3102,51.771,0,0,0,0,0,0
3108,51.872,0,0,0,0,0,0
3114,51.972,0,0,0,0,0,0
3120,52.072,0,0,0,0,0,0
3126,52.172,0,0,0,0,0,0
3132,52.272,0,0,0,0,0,0
3138,52.372,0,0,0,0,0,0
3144,52.472,0,0,0,0,0,0
3150,52.573,0,0,0,0,0,0
3156,52.673,0,0,0,0,0,0
3162,52.773,0,0,0,0,0,0
3168,52.873,0,0,0,0,0,0
3174,52.973,0,0,0,0,0,0
3180,53.073,0,0,0,0,0,0
3186,53.173,0,0,0,0,0,0
3192,53.274,0,0,0,0,0,0
3198,53.374,0,0,0,0,0,0
3204,53.474,0,0,0,0,0,0
3210,53.574,0,0,0,0,0,0
3216,53.674,0,0,0,0,0,0
3222,53.774,0,0,0,0,0,0
3228,53.874,0,0,0,0,0,0
3234,53.974,0,0,0,0,0,0
3240,54.075,0,0,0,0,0,0
3246,54.175,0,0,0,0,0,0
3252,54.275,0,0,0,0,0,0
3258,54.375,0,0,0,0,0,0
3264,54.475,0,0,0,0,0,0
3270,54.575,0,0,0,0,0,0
3276,54.675,0,0,0,0,0,0
3282,54.776,0,0,0,0,0,0
3288,54.876,0,0,0,0,0,0
3294,54.976,0,0,0,0,0,0
3300,55.076,0,0,0,0,0,0
3306,55.176,0,0,0,0,0,0
3312,55.276,0,0,0,0,0,0
3318,55.376,0,0,0,0,0,0
3324,55.477,0,0,0,0,0,0
3330,55.577,0,0,0,0,0,0
3336,55.677,0,0,0,0,0,0
3342,55.777,0,0,0,0,0,0
3348,55.877,0,0,0,0,0,0
3354,55.977,0,0,0,0,0,0
3360,56.077,0,0,0,0,0,0
3366,56.178,0,0,0,0,0,0
3372,56.278,0,0,0,0,0,0
3378,56.378,0,0,0,0,0,0
3384,56.478,0,0,0,0,0,0
3390,56.578,0,0,0,0,0,0
3396,56.678,0,0,0,0,0,0
3402,56.778,0,0,0,0,0,0
3408,56.879,0,0,0,0,0,0
3414,56.979,0,0,0,0,0,0
3420,57.079,0,0,0,0,0,0
3426,57.179,0,0,0,0,0,0
3432,57.279,0,0,0,0,0,0
3438,57.379,0,0,0,0,0,0
3444,57.479,0,0,0,0,0,0
3450,57.579,0,0,0,0,0,0
3456,57.680,0,0,0,0,0,0
3462,57.780,0,0,0,0,0,0
3468,57.880,0,0,0,0,0,0
3474,57.980,0,0,0,0,0,0
3480,58.080,0,0,0,0,0,0
3486,58.180,0,0,0,0,0,0
3492,58.280,0,0,0,0,0,0
3498,58.381,0,0,0,0,0,0
3504,58.481,0,0,0,0,0,0
3510,58.581,0,0,0,0,0,0
3516,58.681,0,0,0,0,0,0
3522,58.781,0,0,0,0,0,0
3528,58.881,0,0,0,0,0,0
3534,58.981,0,0,0,0,0,0
3540,59.082,0,0,0,0,0,0
3546,59.182,0,0,0,0,0,0
3552,59.282,0,0,0,0,0,0
3558,59.382,0,0,0,0,0,0
3564,59.482,0,0,0,0,0,0
3570,59.582,0,0,0,0,0,0
3576,59.682,0,0,0,0,0,0
3582,59.783,0,0,0,0,0,0
3588,59.883,0,0,0,0,0,0
3594,59.983,0,0,0,0,0,0
3600,60.083,0,0,0,0,0,0
3606,60.183,0,0,0,0,0,0
3612,60.283,0,0,0,0,0,0
3618,60.383,0,0,0,0,0,0
3624,60.483,0,0,0,0,0,0
3630,60.584,0,0,0,0,0,0
3636,60.684,0,0,0,0,0,0
3642,60.784,0,0,0,0,0,0
3648,60.884,0,0,0,0,0,0
3654,60.984,0,0,0,0,0,0
3660,61.084,0,0,0,0,0,0
3666,61.184,0,0,0,0,0,0
3672,61.285,0,0,0,0,0,0
3678,61.385,0,0,0,0,0,0
3684,61.485,0,0,0,0,0,0
3690,61.585,0,0,0,0,0,0
3696,61.685,0,0,0,0,0,0
3702,61.785,0,0,0,0,0,0
3708,61.885,0,0,0,0,0,0
3714,61.986,0,0,0,0,0,0
3720,62.086,0,0,0,0,0,0
3726,62.186,0,0,0,0,0,0
3732,62.286,0,0,0,0,0,0
3738,62.386,0,0,0,0,0,0
3744,62.486,0,0,0,0,0,0
3750,62.586,0,0,0,0,0,0
3756,62.687,0,0,0,0,0,0
3762,62.787,0,0,0,0,0,0
3768,62.887,0,0,0,0,0,0
3774,62.987,0,0,0,0,0,0
3780,63.087,0,0,0,0,0,0
3786,63.187,0,0,0,0,0,0
3792,63.287,0,0,0,0,0,0
3798,63.387,0,0,0,0,0,0
3804,63.488,0,0,0,0,0,0
3810,63.588,0,0,0,0,0,0
3816,63.688,0,0,0,0,0,0
3822,63.788,0,0,0,0,0,0
3828,63.888,0,0,0,0,0,0
3834,63.988,0,0,0,0,0,0
3840,64.088,0,0,0,0,0,0
3846,64.189,0,0,0,0,0,0
3852,64.289,0,0,0,0,0,0
3858,64.389,0,0,0,0,0,0
3864,64.489,0,0,0,0,0,0
3870,64.589,0,0,0,0,0,0
3876,64.689,0,0,0,0,0,0
3882,64.789,0,0,0,0,0,0
3888,64.890,0,0,0,0,0,0
3894,64.990,0,0,0,0,0,0
3900,65.090,0,0,0,0,0,0
3906,65.190,0,0,0,0,0,0
3912,65.290,0,0,0,0,0,0
3918,65.390,0,0,0,0,0,0
3924,65.490,0,0,0,0,0,0
3930,65.591,0,0,0,0,0,0
3936,65.691,0,0,0,0,0,0
3942,65.791,0,0,0,0,0,0
3948,65.891,0,0,0,0,0,0
3954,65.991,0,0,0,0,0,0
3960,66.091,0,0,0,0,0,0
3966,66.191,0,0,0,0,0,0
3972,66.291,0,0,0,0,0,0
3978,66.392,0,0,0,0,0,0
3984,66.492,0,0,0,0,0,0
3990,66.592,0,0,0,0,0,0
3996,66.692,0,0,0,0,0,0
4002,66.792,0,0,0,0,0,0
4008,66.892,0,0,0,0,0,0
4014,66.992,0,0,0,0,0,0
4020,67.093,0,0,0,0,0,0
4026,67.193,1,0,0,0,0,0
4032,67.293,0,0,0,0,0,0
4038,67.393,0,0,0,0,0,0
4044,67.493,1,0,0,0,0,0
4050,67.593,0,0,0,0,0,0
4056,67.693,0,0,0,0,0,0
4062,67.794,0,0,0,0,0,0
4068,67.894,0,0,0,0,0,0
4074,67.994,0,0,0,0,0,0
4080,68.094,0,0,0,0,0,0
4086,68.194,0,0,0,0,0,0
4092,68.294,0,0,0,0,0,0
4098,68.394,0,0,0,0,0,0
4104,68.495,0,0,0,0,0,0
4110,68.595,0,0,0,0,0,0
4116,68.695,0,0,0,0,0,0
4122,68.795,0,0,0,0,0,0
4128,68.895,0,0,0,0,0,0
4134,68.995,0,0,0,0,0,0
4140,69.095,0,0,0,0,0,0
4146,69.196,0,0,0,0,0,0
4152,69.296,0,0,0,0,0,0
4158,69.396,0,0,0,0,0,0
4164,69.496,0,0,0,0,0,0
4170,69.596,0,0,0,0,0,0
4176,69.696,0,0,0,0,0,0
4182,69.796,0,0,0,0,0,0
4188,69.896,0,0,0,0,0,0
4194,69.997,0,0,0,0,0,0
4200,70.097,0,0,0,0,0,0
4206,70.197,0,0,0,0,0,0
4212,70.297,0,0,0,0,0,0
4218,70.397,0,0,0,0,0,0
4224,70.497,0,0,0,0,0,0
4230,70.597,0,0,0,0,0,0
4236,70.698,0,0,0,0,0,0
4242,70.798,0,0,0,0,0,0
4248,70.898,0,0,0,0,0,0
4254,70.998,0,0,0,0,0,0
4260,71.098,0,0,0,0,0,0
4266,71.198,0,0,0,0,0,0
4272,71.298,0,0,0,0,0,0
4278,71.399,0,0,0,0,0,0
4284,71.499,0,0,0,0,0,0
4290,71.599,0,0,0,0,0,0
4296,71.699,0,0,0,0,0,0
4302,71.799,0,0,0,0,0,0
4308,71.899,0,0,0,0,0,0
4314,71.999,0,0,0,0,0,0
4320,72.100,0,0,0,0,0,0
4326,72.200,0,0,0,0,0,0
4332,72.300,0,0,0,0,0,0
