frame,time_s,preview_found,float_found,tip_y,cx,cy,area
0,0.000,0,0,0,0,0,0
15,0.250,0,0,0,0,0,0
30,0.501,0,0,0,0,0,0
45,0.751,0,0,0,0,0,0
60,1.001,0,0,0,0,0,0
75,1.252,0,0,0,0,0,0
90,1.502,0,0,0,0,0,0
105,1.752,0,0,0,0,0,0
120,2.003,0,0,0,0,0,0
135,2.253,0,0,0,0,0,0
150,2.503,1,1,586,1821,618,831
165,2.754,1,1,834,2319,854,998
180,3.004,1,1,674,2529,675,55
195,3.254,0,0,0,0,0,0
210,3.505,0,0,0,0,0,0
225,3.755,0,0,0,0,0,0
240,4.006,0,0,0,0,0,0
255,4.256,0,0,0,0,0,0
270,4.506,0,0,0,0,0,0
285,4.757,1,0,0,0,0,0
300,5.007,1,0,0,0,0,0
315,5.257,1,0,0,0,0,0
330,5.508,1,1,619,2394,658,873
345,5.758,1,1,621,2394,658,836
360,6.008,1,1,617,2392,658,918
375,6.259,1,0,0,0,0,0
390,6.509,1,0,0,0,0,0
405,6.759,1,0,0,0,0,0
420,7.010,1,1,620,2387,661,932
435,7.260,1,1,619,2388,659,912
450,7.510,1,1,619,2389,659,920
465,7.761,1,1,619,2389,659,894
480,8.011,1,1,621,2390,661,885
495,8.261,1,1,620,2390,660,884
510,8.512,1,1,619,2390,659,877
525,8.762,1,1,620,2390,659,842
540,9.012,1,1,619,2391,656,815
555,9.263,1,1,621,2391,660,856
570,9.513,1,1,621,2391,660,876
585,9.763,1,1,623,2391,661,841
600,10.014,1,1,620,2391,659,866
615,10.264,1,1,614,2391,655,923
630,10.515,1,1,620,2391,659,869
645,10.765,1,1,621,2392,659,834
660,11.015,1,1,621,2391,660,847
675,11.266,1,1,621,2391,660,881
690,11.516,1,1,616,2392,658,949
705,11.766,1,1,621,2392,662,935
720,12.017,1,1,617,2392,660,955
735,12.267,1,1,620,2392,663,955
750,12.517,1,1,622,2392,664,938
765,12.768,1,1,618,2391,662,995
780,13.018,1,1,618,2391,662,988
795,13.268,1,1,622,2391,664,938
810,13.519,1,1,618,2391,661,974
825,13.769,1,1,621,2391,662,932
840,14.019,1,1,612,2391,658,1048
855,14.270,1,1,613,2392,658,1020
870,14.520,1,1,620,2391,661,923
885,14.770,1,1,621,2392,660,885
900,15.021,1,1,620,2391,661,920
915,15.271,1,1,613,2392,656,979
930,15.521,1,1,618,2392,658,895
945,15.772,1,1,618,2391,658,899
960,16.022,1,1,621,2392,659,842
975,16.272,1,1,620,2392,660,890
990,16.523,1,1,620,2391,660,899
1005,16.773,1,1,619,2392,660,897
1020,17.023,1,1,618,2392,660,944
1035,17.274,1,1,618,2392,660,961
1050,17.524,1,1,623,2391,663,914
1065,17.775,1,1,618,2392,661,978
1080,18.025,1,1,615,2391,659,990
1095,18.275,1,1,620,2391,662,920
1110,18.526,1,1,617,2391,660,966
1125,18.776,1,1,618,2391,660,941
1140,19.026,1,0,0,0,0,0
1155,19.277,1,1,618,2391,659,914
1170,19.527,1,1,621,2391,660,869
1185,19.777,1,1,618,2392,657,851
1200,20.028,1,1,622,2392,659,812
1215,20.278,1,1,619,2392,658,855
1230,20.528,1,1,617,2392,657,890
1245,20.779,1,1,617,2392,657,880
1260,21.029,1,1,621,2391,660,824
1275,21.279,1,1,621,2392,660,853
1290,21.530,1,1,619,2392,659,881
1305,21.780,1,1,621,2391,661,872
1320,22.030,1,1,623,2391,665,940
1335,22.281,1,1,620,2391,663,973
1350,22.531,1,1,617,2392,662,985
1365,22.781,1,0,0,0,0,0
1380,23.032,1,1,615,2392,660,1012
1395,23.282,1,1,613,2391,659,1047
1410,23.532,1,1,618,2392,661,972
1425,23.783,1,0,0,0,0,0
1440,24.033,1,1,618,2392,660,942
1455,24.284,1,1,619,2392,659,917
1470,24.534,1,1,619,2391,660,886
1485,24.784,1,1,619,2391,659,892
1500,25.035,1,1,619,2392,659,898
1515,25.285,1,1,615,2392,656,933
1530,25.535,1,1,612,2392,656,956
1545,25.786,1,1,618,2391,659,922
1560,26.036,1,1,620,2392,661,924
1575,26.286,1,1,619,2392,660,934
1590,26.537,1,1,619,2391,661,959
1605,26.787,1,1,616,2391,659,984
1620,27.037,1,1,618,2390,660,962
1635,27.288,1,1,614,2391,660,1038
1650,27.538,1,1,619,2390,663,988
1665,27.788,1,1,613,2391,659,1048
1680,28.039,1,1,620,2391,663,972
1695,28.289,1,1,621,2391,665,957
1710,28.539,1,1,619,2391,662,957
1725,28.790,1,1,620,2392,662,944
1740,29.040,1,1,612,2392,657,1027
1755,29.290,1,1,620,2392,661,923
1770,29.541,1,1,618,2392,659,937
1785,29.791,1,1,620,2392,659,873
1800,30.041,1,1,618,2392,656,851
1815,30.292,1,1,618,2391,657,863
1830,30.542,1,1,618,2392,657,861
1845,30.793,1,1,618,2392,658,858
1860,31.043,1,1,618,2391,658,903
1875,31.293,1,1,612,2391,656,1004
1890,31.544,1,1,621,2391,661,918
1905,31.794,1,1,621,2391,662,929
1920,32.044,1,1,619,2391,661,967
1935,32.295,1,1,621,2392,663,942
1950,32.545,1,1,619,2392,661,988
1965,32.795,1,1,618,2392,661,974
1980,33.046,1,1,618,2392,661,979
1995,33.296,1,1,615,2391,660,1018
2010,33.546,1,1,614,2391,659,1020
2025,33.797,1,1,619,2392,660,928
2040,34.047,1,1,620,2391,660,906
2055,34.297,1,1,620,2392,659,887
2070,34.548,1,1,621,2392,659,850
2085,34.798,1,1,619,2391,658,860
2100,35.048,1,1,619,2392,658,883
2115,35.299,1,1,619,2392,658,869
2130,35.549,1,1,618,2392,658,893
2145,35.799,1,1,611,2391,655,986
2160,36.050,1,1,618,2391,659,935
2175,36.300,1,0,0,0,0,0
2190,36.550,1,1,618,2386,660,939
2205,36.801,1,1,619,2384,660,942
2220,37.051,1,1,618,2397,660,928
2235,37.301,1,1,618,2397,660,931
2250,37.552,1,1,621,2397,660,864
2265,37.802,1,1,621,2397,661,871
2280,38.053,1,0,0,0,0,0
2295,38.303,1,1,619,2391,660,880
2310,38.553,0,0,0,0,0,0
2325,38.804,0,0,0,0,0,0
2340,39.054,0,0,0,0,0,0
2355,39.304,0,0,0,0,0,0
2370,39.555,0,0,0,0,0,0
2385,39.805,0,0,0,0,0,0
2400,40.055,0,0,0,0,0,0
2415,40.306,0,0,0,0,0,0
2430,40.556,0,0,0,0,0,0
2445,40.806,0,0,0,0,0,0
2460,41.057,0,0,0,0,0,0
2475,41.307,0,0,0,0,0,0
2490,41.557,0,0,0,0,0,0
2505,41.808,0,1,700,1815,701,60
2520,42.058,0,0,0,0,0,0
2535,42.308,0,0,0,0,0,0
2550,42.559,0,0,0,0,0,0
2565,42.809,0,0,0,0,0,0
2580,43.059,0,0,0,0,0,0
2595,43.310,0,0,0,0,0,0
2610,43.560,0,0,0,0,0,0
2625,43.810,0,0,0,0,0,0
2640,44.061,0,0,0,0,0,0
2655,44.311,0,0,0,0,0,0
2670,44.562,0,0,0,0,0,0
2685,44.812,0,0,0,0,0,0
2700,45.062,0,0,0,0,0,0
2715,45.313,0,0,0,0,0,0
2730,45.563,0,0,0,0,0,0
2745,45.813,0,0,0,0,0,0
2760,46.064,0,0,0,0,0,0
2775,46.314,0,0,0,0,0,0
2790,46.564,0,0,0,0,0,0
2805,46.815,0,0,0,0,0,0
2820,47.065,0,0,0,0,0,0
2835,47.315,0,0,0,0,0,0
2850,47.566,0,0,0,0,0,0
2865,47.816,0,0,0,0,0,0
2880,48.066,0,0,0,0,0,0
2895,48.317,0,0,0,0,0,0
2910,48.567,0,0,0,0,0,0
2925,48.817,0,0,0,0,0,0
2940,49.068,0,0,0,0,0,0
2955,49.318,0,0,0,0,0,0
2970,49.568,0,0,0,0,0,0
2985,49.819,0,0,0,0,0,0
3000,50.069,0,0,0,0,0,0
3015,50.319,0,0,0,0,0,0
3030,50.570,0,0,0,0,0,0
3045,50.820,0,0,0,0,0,0
3060,51.070,0,0,0,0,0,0
3075,51.321,0,0,0,0,0,0
3090,51.571,0,0,0,0,0,0
3105,51.822,0,0,0,0,0,0
3120,52.072,0,0,0,0,0,0
3135,52.322,0,0,0,0,0,0
3150,52.573,0,0,0,0,0,0
3165,52.823,0,0,0,0,0,0
3180,53.073,0,0,0,0,0,0
3195,53.324,0,0,0,0,0,0
3210,53.574,0,0,0,0,0,0
3225,53.824,0,0,0,0,0,0
3240,54.075,0,0,0,0,0,0
3255,54.325,0,0,0,0,0,0
3270,54.575,0,0,0,0,0,0
3285,54.826,0,0,0,0,0,0
3300,55.076,0,0,0,0,0,0
3315,55.326,0,0,0,0,0,0
3330,55.577,0,0,0,0,0,0
3345,55.827,0,0,0,0,0,0
3360,56.077,0,0,0,0,0,0
3375,56.328,0,0,0,0,0,0
3390,56.578,0,0,0,0,0,0
3405,56.828,0,0,0,0,0,0
3420,57.079,0,0,0,0,0,0
3435,57.329,0,1,632,1840,633,66
3450,57.579,0,0,0,0,0,0
3465,57.830,0,0,0,0,0,0
3480,58.080,0,0,0,0,0,0
3495,58.331,0,0,0,0,0,0
3510,58.581,0,0,0,0,0,0
3525,58.831,0,0,0,0,0,0
3540,59.082,0,0,0,0,0,0
3555,59.332,0,0,0,0,0,0
3570,59.582,0,0,0,0,0,0
3585,59.833,0,0,0,0,0,0
3600,60.083,0,0,0,0,0,0
3615,60.333,0,0,0,0,0,0
3630,60.584,0,0,0,0,0,0
3645,60.834,0,0,0,0,0,0
3660,61.084,0,0,0,0,0,0
3675,61.335,0,1,680,1769,686,208
3690,61.585,0,1,691,1791,700,368
3705,61.835,0,1,709,1806,731,249
3720,62.086,0,1,716,1836,731,368
3735,62.336,0,1,730,1866,740,373
3750,62.586,0,1,745,1874,751,104
3765,62.837,0,0,0,0,0,0
3780,63.087,0,0,0,0,0,0
3795,63.337,0,0,0,0,0,0
3810,63.588,0,0,0,0,0,0
3825,63.838,0,0,0,0,0,0
3840,64.088,0,0,0,0,0,0
3855,64.339,0,0,0,0,0,0
3870,64.589,0,0,0,0,0,0
3885,64.839,0,0,0,0,0,0
3900,65.090,0,0,0,0,0,0
3915,65.340,0,0,0,0,0,0
3930,65.591,0,0,0,0,0,0
3945,65.841,0,0,0,0,0,0
3960,66.091,0,0,0,0,0,0
3975,66.342,0,1,635,1843,678,9780
3990,66.592,1,1,1018,1994,1149,12733
4005,66.842,1,1,879,2164,984,92
4020,67.093,1,1,542,2204,601,225
4035,67.343,0,1,694,1846,745,1652
4050,67.593,1,1,417,1725,429,330
4065,67.844,1,1,983,1969,986,29
4080,68.094,1,1,1066,2049,1125,126
4095,68.344,1,1,1070,2051,1131,152
4110,68.595,1,1,991,1975,994,31
4125,68.845,1,1,1057,2003,1059,22
4140,69.095,1,1,1080,2050,1124,151
4155,69.346,1,1,1069,2006,1121,257
4170,69.596,1,1,1066,2005,1116,298
4185,69.846,1,1,998,1953,1000,27
4200,70.097,1,1,997,1953,999,25
4215,70.347,1,1,994,1994,1133,192
4230,70.597,1,1,1001,1973,1003,23
4245,70.848,1,1,1068,2005,1112,201
4260,71.098,1,1,1032,2006,1109,200
4275,71.348,1,1,1006,2006,1112,197
4290,71.599,1,1,989,1975,993,21
4305,71.849,1,1,1063,2047,1123,164
4320,72.100,1,1,999,1973,1003,34
